node,significance,correlation
Admin,110.3103448275862,
Szamonkeres,106.15517241379311,
Orai,100.5,
Hazi,93.43103448275862,
Extra,58.36206896551724,
