metric,value
fitness,1.0
precision,0.21293963370611035
generalization,0.8482971207047566
simplicity,0.6615384615384615
f_score,0.35111332466806777
