metric,value
fitness,1.0
precision,0.03927151735225187
generalization,0.7363691291833419
simplicity,0.5883211678832116
f_score,0.07557508638801873
