metric,value
fitness,0.9954061871763003
precision,0.4057562852040115
generalization,0.8215570131881992
simplicity,0.5625
f_score,0.5765103258747822
