metric,value
fitness,0.7055013134179415
precision,0.9903381642512077
generalization,0.40826435038586084
simplicity,0.4416615760537569
f_score,0.8239988333889352
